<?xml version="1.0"?>
<LGSE_API version="6.0">
	<libLGSE_Compatibility>0x06020002</libLGSE_Compatibility>
	<LGSE_FUNCTION>
		<ID>029</ID>
		<NAME>DYNAMIC_RANGE_CONTROL</NAME>
		<FLAG>0x00000000</FLAG>
		<INIT />
		<VAR>
			<value id="0" name="TUNNING_IDX" index="0">0x00000004</value>
			<value id="1" name="TUNNING_IDX" index="1">0x00000004</value>
			<value id="2" name="TUNNING_IDX" index="2">0x00000004</value>
			<value id="3" name="TUNNING_IDX" index="3">0x00000004</value>
			<value id="4" name="TUNNING_IDX" index="4">0x00000004</value>
			<value id="5" name="TUNNING_IDX" index="5">0x00000004</value>
			<value id="6" name="TUNNING_IDX" index="6">0x00000004</value>
			<value id="7" name="TUNNING_IDX" index="7">0x00000004</value>
			<value id="8" name="TUNNING_IDX" index="8">0x00000004</value>
			<value id="9" name="TUNNING_IDX" index="9">0x00000004</value>
			<value id="10" name="TUNNING_IDX" index="10">0x00000004</value>
			<value id="11" name="TUNNING_IDX" index="11">0x00000004</value>
			<value id="12" name="TUNNING_IDX" index="12">0x00000004</value>
			<value id="13" name="TUNNING_IDX" index="13">0x00000004</value>
			<value id="14" name="TUNNING_IDX" index="14">0x00000004</value>
			<value id="15" name="TUNNING_IDX" index="15">0x00000004</value>
			<value id="16" name="TUNNING_IDX" index="16">0x00000004</value>
			<value id="17" name="TUNNING_IDX" index="17">0x00000004</value>
			<value id="18" name="TUNNING_IDX" index="18">0x00000004</value>
			<value id="19" name="TUNNING_IDX" index="19">0x00000004</value>
			<value id="20" name="ATTACK" index="0">0x007d161c</value>
			<value id="21" name="ATTACK" index="1">0x007d161c</value>
			<value id="22" name="ATTACK" index="2">0x007d161c</value>
			<value id="23" name="ATTACK" index="3">0x007d161c</value>
			<value id="24" name="ATTACK" index="4">0x007d161c</value>
			<value id="25" name="RELEASE" index="0">0x007d161c</value>
			<value id="26" name="RELEASE" index="1">0x007a3d32</value>
			<value id="27" name="RELEASE" index="2">0x007a3d32</value>
			<value id="28" name="RELEASE" index="3">0x007a3d32</value>
			<value id="29" name="RELEASE" index="4">0x007a3d32</value>
			<value id="30" name="X0" index="0">0xffec0000</value>
			<value id="31" name="X0" index="1">0xffec0000</value>
			<value id="32" name="X0" index="2">0xfff10000</value>
			<value id="33" name="X0" index="3">0xfff10000</value>
			<value id="34" name="X0" index="4">0xfff10000</value>
			<value id="35" name="X1" index="0">0xfff10000</value>
			<value id="36" name="X1" index="1">0xfff10000</value>
			<value id="37" name="X1" index="2">0xfff60000</value>
			<value id="38" name="X1" index="3">0xfff60000</value>
			<value id="39" name="X1" index="4">0xfff60000</value>
			<value id="40" name="X2" index="0">0xfff60000</value>
			<value id="41" name="X2" index="1">0xfff60000</value>
			<value id="42" name="X2" index="2">0xfffb0000</value>
			<value id="43" name="X2" index="3">0xfffb0000</value>
			<value id="44" name="X2" index="4">0xfffb0000</value>
			<value id="45" name="X3" index="0">0xfffb0000</value>
			<value id="46" name="X3" index="1">0xfffb0000</value>
			<value id="47" name="X3" index="2">0xfffb0000</value>
			<value id="48" name="X3" index="3">0xfffb0000</value>
			<value id="49" name="X3" index="4">0xfffb0000</value>
			<value id="50" name="Y0" index="0">0xffec0000</value>
			<value id="51" name="Y0" index="1">0xffec0000</value>
			<value id="52" name="Y0" index="2">0xfff10000</value>
			<value id="53" name="Y0" index="3">0xfff10000</value>
			<value id="54" name="Y0" index="4">0xfff10000</value>
			<value id="55" name="Y1" index="0">0xfff08000</value>
			<value id="56" name="Y1" index="1">0xfff0c000</value>
			<value id="57" name="Y1" index="2">0xfff58000</value>
			<value id="58" name="Y1" index="3">0xfff58000</value>
			<value id="59" name="Y1" index="4">0xfff60000</value>
			<value id="60" name="Y2" index="0">0xfff40000</value>
			<value id="61" name="Y2" index="1">0xfff4c000</value>
			<value id="62" name="Y2" index="2">0xfff90000</value>
			<value id="63" name="Y2" index="3">0xfff90000</value>
			<value id="64" name="Y2" index="4">0xfffb0000</value>
			<value id="65" name="Y3" index="0">0xfff60000</value>
			<value id="66" name="Y3" index="1">0xfff74000</value>
			<value id="67" name="Y3" index="2">0xfff90000</value>
			<value id="68" name="Y3" index="3">0xfff90000</value>
			<value id="69" name="Y3" index="4">0xfffb0000</value>
			<value id="70" name="R0" index="0">0x001ccccc</value>
			<value id="71" name="R0" index="1">0x001e6666</value>
			<value id="72" name="R0" index="2">0x001ccccc</value>
			<value id="73" name="R0" index="3">0x001ccccc</value>
			<value id="74" name="R0" index="4">0x00200000</value>
			<value id="75" name="R1" index="0">0x00166666</value>
			<value id="76" name="R1" index="1">0x00199999</value>
			<value id="77" name="R1" index="2">0x00166666</value>
			<value id="78" name="R1" index="3">0x00166666</value>
			<value id="79" name="R1" index="4">0x00200000</value>
			<value id="80" name="R2" index="0">0x000ccccc</value>
			<value id="81" name="R2" index="1">0x00100000</value>
			<value id="82" name="R2" index="2">0x00066666</value>
			<value id="83" name="R2" index="3">0x00066666</value>
			<value id="84" name="R2" index="4">0x00200000</value>
			<value id="85" name="R3" index="0">0x00066666</value>
			<value id="86" name="R3" index="1">0x00099999</value>
			<value id="87" name="R3" index="2">0x00066666</value>
			<value id="88" name="R3" index="3">0x00066666</value>
			<value id="89" name="R3" index="4">0x00200000</value>
			<value id="90" name="NWBAND_THRESHOLD">0x007fffff</value>
			<value id="91" name="SOFTKNEE_NUM">0x00000003</value>
			<value id="92" name="SOFTKNEE_DIV_NUM">0x002aaaaa</value>
			<value id="93" name="ATTACK_GAIN" index="0">0x007fffff</value>
			<value id="94" name="ATTACK_GAIN" index="1">0x007fffff</value>
			<value id="95" name="ATTACK_GAIN" index="2">0x007fffff</value>
			<value id="96" name="ATTACK_GAIN" index="3">0x007fffff</value>
			<value id="97" name="ATTACK_GAIN" index="4">0x007fffff</value>
			<value id="98" name="RELEASE_GAIN" index="0">0x007fffff</value>
			<value id="99" name="RELEASE_GAIN" index="1">0x007fffff</value>
			<value id="100" name="RELEASE_GAIN" index="2">0x007fffff</value>
			<value id="101" name="RELEASE_GAIN" index="3">0x007fffff</value>
			<value id="102" name="RELEASE_GAIN" index="4">0x007fffff</value>
			<value id="103" name="ATTACK_DRCGAIN" index="0">0x007fffff</value>
			<value id="104" name="ATTACK_DRCGAIN" index="1">0x007fffff</value>
			<value id="105" name="ATTACK_DRCGAIN" index="2">0x0065ac8c</value>
			<value id="106" name="ATTACK_DRCGAIN" index="3">0x0065ac8c</value>
			<value id="107" name="ATTACK_DRCGAIN" index="4">0x0065ac8c</value>
			<value id="108" name="RELEASE_DRCGAIN" index="0">0x007fffff</value>
			<value id="109" name="RELEASE_DRCGAIN" index="1">0x007fffff</value>
			<value id="110" name="RELEASE_DRCGAIN" index="2">0x00287a26</value>
			<value id="111" name="RELEASE_DRCGAIN" index="3">0x00287a26</value>
			<value id="112" name="RELEASE_DRCGAIN" index="4">0x00287a26</value>
			<value id="113" name="ADDGAIN">0x003fb278</value>
			<value id="114" name="COMP_INPUT_GAIN" index="0">0xffff8000</value>
			<value id="115" name="COMP_INPUT_GAIN" index="1">0x00000000</value>
			<value id="116" name="COMP_INPUT_GAIN" index="2">0x00010000</value>
			<value id="117" name="COMP_INPUT_GAIN" index="3">0x00020000</value>
			<value id="118" name="COMP_INPUT_GAIN" index="4">0x00038000</value>
			<value id="119" name="COMP_INPUT_GAIN" index="5">0x0003c000</value>
			<value id="120" name="COMP_INPUT_GAIN" index="6">0x00040000</value>
			<value id="121" name="COMP_INPUT_GAIN" index="7">0x0004c000</value>
			<value id="122" name="COMP_INPUT_GAIN" index="8">0x00050000</value>
			<value id="123" name="COMP_INPUT_GAIN" index="9">0x00055999</value>
			<value id="124" name="COMP_INPUT_GAIN" index="10">0x00058000</value>
			<value id="125" name="COMP_INPUT_GAIN" index="11">0x00058000</value>
			<value id="126" name="COMP_INPUT_GAIN" index="12">0x00060000</value>
			<value id="127" name="COMP_INPUT_GAIN" index="13">0x00064000</value>
			<value id="128" name="COMP_INPUT_GAIN" index="14">0x00068000</value>
			<value id="129" name="COMP_INPUT_GAIN" index="15">0x0006c000</value>
			<value id="130" name="COMP_INPUT_GAIN" index="16">0x00071999</value>
			<value id="131" name="COMP_INPUT_GAIN" index="17">0x00078000</value>
			<value id="132" name="COMP_INPUT_GAIN" index="18">0x00080000</value>
			<value id="133" name="COMP_INPUT_GAIN" index="19">0x00088000</value>
			<value id="134" name="SMOOTH_FREQ">0x00666666</value>
			<value id="135" name="BANDGAIN_COMPSLOPE" index="0">0x00400000</value>
			<value id="136" name="BANDGAIN_COMPSLOPE" index="1">0x00400000</value>
			<value id="137" name="BANDGAIN_COMPSLOPE" index="2">0x00400000</value>
			<value id="138" name="BANDGAIN_COMPSLOPE" index="3">0x00400000</value>
			<value id="139" name="BANDGAIN_COMPSLOPE" index="4">0x00400000</value>
			<value id="140" name="BANDGAIN_COMPSLOPE" index="5">0x00400000</value>
			<value id="141" name="BANDGAIN_COMPSLOPE" index="6">0x00400000</value>
			<value id="142" name="BANDGAIN_COMPSLOPE" index="7">0x00400000</value>
			<value id="143" name="BANDGAIN_COMPSLOPE" index="8">0x00400000</value>
			<value id="144" name="BANDGAIN_COMPSLOPE" index="9">0x00400000</value>
			<value id="145" name="BANDGAIN_COMPSLOPE" index="10">0x00400000</value>
			<value id="146" name="BANDGAIN_COMPSLOPE" index="11">0x00400000</value>
			<value id="147" name="BANDGAIN_COMPSLOPE" index="12">0x00400000</value>
			<value id="148" name="BANDGAIN_COMPSLOPE" index="13">0x00400000</value>
			<value id="149" name="BANDGAIN_COMPSLOPE" index="14">0x00400000</value>
			<value id="150" name="BANDGAIN_COMPSLOPE" index="15">0x00400000</value>
			<value id="151" name="BANDGAIN_COMPSLOPE" index="16">0x00400000</value>
			<value id="152" name="BANDGAIN_COMPSLOPE" index="17">0x00400000</value>
			<value id="153" name="BANDGAIN_COMPSLOPE" index="18">0x00400000</value>
			<value id="154" name="BANDGAIN_COMPSLOPE" index="19">0x00400000</value>
			<value id="155" name="BANDGAIN_EXPSLOPE" index="0">0x000001a3</value>
			<value id="156" name="BANDGAIN_EXPSLOPE" index="1">0x000001a3</value>
			<value id="157" name="BANDGAIN_EXPSLOPE" index="2">0x000001a3</value>
			<value id="158" name="BANDGAIN_EXPSLOPE" index="3">0x000001a3</value>
			<value id="159" name="BANDGAIN_EXPSLOPE" index="4">0x000001a3</value>
			<value id="160" name="BANDGAIN_EXPSLOPE" index="5">0x000001a3</value>
			<value id="161" name="BANDGAIN_EXPSLOPE" index="6">0x000001a3</value>
			<value id="162" name="BANDGAIN_EXPSLOPE" index="7">0x000001a3</value>
			<value id="163" name="BANDGAIN_EXPSLOPE" index="8">0x000001a3</value>
			<value id="164" name="BANDGAIN_EXPSLOPE" index="9">0x000001a3</value>
			<value id="165" name="BANDGAIN_EXPSLOPE" index="10">0x000001a3</value>
			<value id="166" name="BANDGAIN_EXPSLOPE" index="11">0x000001a3</value>
			<value id="167" name="BANDGAIN_EXPSLOPE" index="12">0x000001a3</value>
			<value id="168" name="BANDGAIN_EXPSLOPE" index="13">0x000001a3</value>
			<value id="169" name="BANDGAIN_EXPSLOPE" index="14">0x000001a3</value>
			<value id="170" name="BANDGAIN_EXPSLOPE" index="15">0x000001a3</value>
			<value id="171" name="BANDGAIN_EXPSLOPE" index="16">0x000001a3</value>
			<value id="172" name="BANDGAIN_EXPSLOPE" index="17">0x000001a3</value>
			<value id="173" name="BANDGAIN_EXPSLOPE" index="18">0x000001a3</value>
			<value id="174" name="BANDGAIN_EXPSLOPE" index="19">0x000001a3</value>
			<value id="175" name="GAIN_COMPSLOPE">0x00266666</value>
			<value id="176" name="GAIN_EXPSLOPE">0x000001a3</value>
			<value id="177" name="NOUSE" index="0">0x00000000</value>
			<value id="178" name="NOUSE" index="1">0x00000000</value>
			<value id="179" name="NOUSE" index="2">0x00000000</value>
			<value id="180" name="NOUSE" index="3">0x00000000</value>
			<value id="181" name="NOUSE" index="4">0x00000000</value>
			<value id="182" name="NOUSE" index="5">0x00000000</value>
			<value id="183" name="NOUSE" index="6">0x00000000</value>
			<value id="184" name="NOUSE" index="7">0x00000000</value>
			<value id="185" name="NOUSE" index="8">0x00000000</value>
			<value id="186" name="NOUSE" index="9">0x00000000</value>
			<value id="187" name="NOUSE" index="10">0x00000000</value>
			<value id="188" name="NOUSE" index="11">0x00000000</value>
			<value id="189" name="NOUSE" index="12">0x00000000</value>
			<value id="190" name="NOUSE" index="13">0x00000000</value>
			<value id="191" name="NOUSE" index="14">0x00000000</value>
			<value id="192" name="NOUSE" index="15">0x00000000</value>
			<value id="193" name="NOUSE" index="16">0x00000000</value>
			<value id="194" name="NOUSE" index="17">0x00000000</value>
			<value id="195" name="NOUSE" index="18">0x00000000</value>
			<value id="196" name="NOUSE" index="19">0x00000000</value>
			<value id="197" name="NOUSE" index="20">0x00000000</value>
			<value id="198" name="NOUSE" index="21">0x00000000</value>
			<value id="199" name="NOUSE" index="22">0x00000000</value>
		</VAR>
	</LGSE_FUNCTION>
</LGSE_API>
