<?xml version="1.0"?>
<LGSE_API version="6.0">
	<libLGSE_Compatibility>0x06020002</libLGSE_Compatibility>
	<LGSE_FUNCTION>
		<ID>017</ID>
		<NAME>SOUND_STAGE_EXPANSION</NAME>
		<FLAG>0x00000000</FLAG>
		<INIT />
		<VAR>
			<value id="0" name="UPMIX_WEIGHT_PRI" index="0">0x0015561a</value>
			<value id="1" name="UPMIX_WEIGHT_PRI" index="1">0x0015561a</value>
			<value id="2" name="UPMIX_WEIGHT_PRI" index="2">0x0013041a</value>
			<value id="3" name="UPMIX_WEIGHT_PRI" index="3">0x0010f2b4</value>
			<value id="4" name="UPMIX_WEIGHT_PRI" index="4">0x0013041a</value>
			<value id="5" name="UPMIX_WEIGHT_PRI" index="5">0x000e4290</value>
			<value id="6" name="UPMIX_WEIGHT_PRI" index="6">0x0010f2b4</value>
			<value id="7" name="UPMIX_WEIGHT_PRI" index="7">0x0010f2b4</value>
			<value id="8" name="UPMIX_WEIGHT_PRI" index="8">0x0015561a</value>
			<value id="9" name="UPMIX_WEIGHT_PRI" index="9">0x0015561a</value>
			<value id="10" name="UPMIX_WEIGHT_PRI" index="10">0x0017f094</value>
			<value id="11" name="UPMIX_WEIGHT_PRI" index="11">0x0017f094</value>
			<value id="12" name="UPMIX_WEIGHT_PRI" index="12">0x0014248f</value>
			<value id="13" name="UPMIX_WEIGHT_PRI" index="13">0x0014248f</value>
			<value id="14" name="UPMIX_WEIGHT_PRI" index="14">0x000e4290</value>
			<value id="15" name="UPMIX_WEIGHT_PRI" index="15">0x0013041a</value>
			<value id="16" name="UPMIX_WEIGHT_PRI" index="16">0x0025f125</value>
			<value id="17" name="UPMIX_WEIGHT_PRI" index="17">0x0025f125</value>
			<value id="18" name="UPMIX_WEIGHT_PRI" index="18">0x0025f125</value>
			<value id="19" name="UPMIX_WEIGHT_PRI" index="19">0x0025f125</value>
			<value id="20" name="UPMIX_WEIGHT_PRI" index="20">0x00065ea5</value>
			<value id="21" name="UPMIX_WEIGHT_PRI" index="21">0x000804dc</value>
			<value id="22" name="UPMIX_WEIGHT_PRI" index="22">0x0006036e</value>
			<value id="23" name="UPMIX_WEIGHT_PRI" index="23">0x00079207</value>
			<value id="24" name="UPMIX_WEIGHT_PRI" index="24">0x000804dc</value>
			<value id="25" name="UPMIX_WEIGHT_PRI" index="25">0x0005ad50</value>
			<value id="26" name="UPMIX_WEIGHT_PRI" index="26">0x00033142</value>
			<value id="27" name="UPMIX_WEIGHT_PRI" index="27">0x00033142</value>
			<value id="28" name="UPMIX_WEIGHT_PRI" index="28">0x00033142</value>
			<value id="29" name="UPMIX_WEIGHT_PRI" index="29">0x00048268</value>
			<value id="30" name="UPMIX_WEIGHT_PRI" index="30">0x00048268</value>
			<value id="31" name="UPMIX_WEIGHT_PRI" index="31">0x0008ff59</value>
			<value id="32" name="UPMIX_WEIGHT_PRI" index="32">0x00100000</value>
			<value id="33" name="UPMIX_WEIGHT_PRI" index="33">0x0010f2b4</value>
			<value id="34" name="UPMIX_WEIGHT_PRI" index="34">0x00100000</value>
			<value id="35" name="UPMIX_WEIGHT_PRI" index="35">0x00100000</value>
			<value id="36" name="UPMIX_WEIGHT_PRI" index="36">0x0038c528</value>
			<value id="37" name="UPMIX_WEIGHT_PRI" index="37">0x002830af</value>
			<value id="38" name="UPMIX_WEIGHT_PRI" index="38">0x002830af</value>
			<value id="39" name="UPMIX_WEIGHT_PRI" index="39">0x003298b0</value>
			<value id="40" name="UPMIX_WEIGHT_PRI" index="40">0x00100000</value>
			<value id="41" name="UPMIX_WEIGHT_PRI" index="41">0x00100000</value>
			<value id="42" name="UPMIX_WEIGHT_PRI" index="42">0x00100000</value>
			<value id="43" name="UPMIX_WEIGHT_PRI" index="43">0x00100000</value>
			<value id="44" name="UPMIX_WEIGHT_PRI" index="44">0x00100000</value>
			<value id="45" name="UPMIX_WEIGHT_PRI" index="45">0x00100000</value>
			<value id="46" name="UPMIX_WEIGHT_PRI" index="46">0x00100000</value>
			<value id="47" name="UPMIX_WEIGHT_PRI" index="47">0x00100000</value>
			<value id="48" name="UPMIX_WEIGHT_PRI" index="48">0x00100000</value>
			<value id="49" name="UPMIX_WEIGHT_PRI" index="49">0x00100000</value>
			<value id="50" name="UPMIX_WEIGHT_PRI" index="50">0x00100000</value>
			<value id="51" name="UPMIX_WEIGHT_PRI" index="51">0x00100000</value>
			<value id="52" name="UPMIX_WEIGHT_PRI" index="52">0x00100000</value>
			<value id="53" name="UPMIX_WEIGHT_PRI" index="53">0x00100000</value>
			<value id="54" name="UPMIX_WEIGHT_PRI" index="54">0x00100000</value>
			<value id="55" name="UPMIX_WEIGHT_PRI" index="55">0x00100000</value>
			<value id="56" name="UPMIX_WEIGHT_PRI" index="56">0x00100000</value>
			<value id="57" name="UPMIX_WEIGHT_PRI" index="57">0x00100000</value>
			<value id="58" name="UPMIX_WEIGHT_PRI" index="58">0x00100000</value>
			<value id="59" name="UPMIX_WEIGHT_PRI" index="59">0x00100000</value>
			<value id="60" name="UPMIX_WEIGHT_PRI" index="60">0x00100000</value>
			<value id="61" name="UPMIX_WEIGHT_PRI" index="61">0x00100000</value>
			<value id="62" name="UPMIX_WEIGHT_PRI" index="62">0x00100000</value>
			<value id="63" name="UPMIX_WEIGHT_PRI" index="63">0x00100000</value>
			<value id="64" name="UPMIX_WEIGHT_PRI" index="64">0x00100000</value>
			<value id="65" name="UPMIX_WEIGHT_PRI" index="65">0x00100000</value>
			<value id="66" name="UPMIX_WEIGHT_PRI" index="66">0x00100000</value>
			<value id="67" name="UPMIX_WEIGHT_PRI" index="67">0x00100000</value>
			<value id="68" name="UPMIX_WEIGHT_PRI" index="68">0x00100000</value>
			<value id="69" name="UPMIX_WEIGHT_PRI" index="69">0x00100000</value>
			<value id="70" name="UPMIX_WEIGHT_PRI" index="70">0x00100000</value>
			<value id="71" name="UPMIX_WEIGHT_PRI" index="71">0x00100000</value>
			<value id="72" name="UPMIX_WEIGHT_PRI" index="72">0x00100000</value>
			<value id="73" name="UPMIX_WEIGHT_PRI" index="73">0x00100000</value>
			<value id="74" name="UPMIX_WEIGHT_PRI" index="74">0x00100000</value>
			<value id="75" name="UPMIX_WEIGHT_PRI" index="75">0x00100000</value>
			<value id="76" name="UPMIX_WEIGHT_PRI" index="76">0x00100000</value>
			<value id="77" name="UPMIX_WEIGHT_PRI" index="77">0x00100000</value>
			<value id="78" name="UPMIX_WEIGHT_PRI" index="78">0x00100000</value>
			<value id="79" name="UPMIX_WEIGHT_PRI" index="79">0x00100000</value>
			<value id="80" name="UPMIX_WEIGHT_AMB" index="0">0x003298b0</value>
			<value id="81" name="UPMIX_WEIGHT_AMB" index="1">0x003298b0</value>
			<value id="82" name="UPMIX_WEIGHT_AMB" index="2">0x003298b0</value>
			<value id="83" name="UPMIX_WEIGHT_AMB" index="3">0x003298b0</value>
			<value id="84" name="UPMIX_WEIGHT_AMB" index="4">0x003298b0</value>
			<value id="85" name="UPMIX_WEIGHT_AMB" index="5">0x003298b0</value>
			<value id="86" name="UPMIX_WEIGHT_AMB" index="6">0x003298b0</value>
			<value id="87" name="UPMIX_WEIGHT_AMB" index="7">0x002d1818</value>
			<value id="88" name="UPMIX_WEIGHT_AMB" index="8">0x002830af</value>
			<value id="89" name="UPMIX_WEIGHT_AMB" index="9">0x002830af</value>
			<value id="90" name="UPMIX_WEIGHT_AMB" index="10">0x001c73d5</value>
			<value id="91" name="UPMIX_WEIGHT_AMB" index="11">0x00100000</value>
			<value id="92" name="UPMIX_WEIGHT_AMB" index="12">0x00100000</value>
			<value id="93" name="UPMIX_WEIGHT_AMB" index="13">0x0014248f</value>
			<value id="94" name="UPMIX_WEIGHT_AMB" index="14">0x0011f3c9</value>
			<value id="95" name="UPMIX_WEIGHT_AMB" index="15">0x0014248f</value>
			<value id="96" name="UPMIX_WEIGHT_AMB" index="16">0x0014248f</value>
			<value id="97" name="UPMIX_WEIGHT_AMB" index="17">0x001fec98</value>
			<value id="98" name="UPMIX_WEIGHT_AMB" index="18">0x0023d1cd</value>
			<value id="99" name="UPMIX_WEIGHT_AMB" index="19">0x002830af</value>
			<value id="100" name="UPMIX_WEIGHT_AMB" index="20">0x002d1818</value>
			<value id="101" name="UPMIX_WEIGHT_AMB" index="21">0x002d1818</value>
			<value id="102" name="UPMIX_WEIGHT_AMB" index="22">0x002d1818</value>
			<value id="103" name="UPMIX_WEIGHT_AMB" index="23">0x002d1818</value>
			<value id="104" name="UPMIX_WEIGHT_AMB" index="24">0x002d1818</value>
			<value id="105" name="UPMIX_WEIGHT_AMB" index="25">0x00195bb9</value>
			<value id="106" name="UPMIX_WEIGHT_AMB" index="26">0x0010f2b4</value>
			<value id="107" name="UPMIX_WEIGHT_AMB" index="27">0x0010f2b4</value>
			<value id="108" name="UPMIX_WEIGHT_AMB" index="28">0x000d765a</value>
			<value id="109" name="UPMIX_WEIGHT_AMB" index="29">0x00100000</value>
			<value id="110" name="UPMIX_WEIGHT_AMB" index="30">0x000cb591</value>
			<value id="111" name="UPMIX_WEIGHT_AMB" index="31">0x001c73d5</value>
			<value id="112" name="UPMIX_WEIGHT_AMB" index="32">0x002830af</value>
			<value id="113" name="UPMIX_WEIGHT_AMB" index="33">0x003298b0</value>
			<value id="114" name="UPMIX_WEIGHT_AMB" index="34">0x002d1818</value>
			<value id="115" name="UPMIX_WEIGHT_AMB" index="35">0x002d1818</value>
			<value id="116" name="UPMIX_WEIGHT_AMB" index="36">0x003c224c</value>
			<value id="117" name="UPMIX_WEIGHT_AMB" index="37">0x0054f107</value>
			<value id="118" name="UPMIX_WEIGHT_AMB" index="38">0x005f4e53</value>
			<value id="119" name="UPMIX_WEIGHT_AMB" index="39">0x007f17b0</value>
			<value id="120" name="UPMIX_WEIGHT_AMB" index="40">0x00100000</value>
			<value id="121" name="UPMIX_WEIGHT_AMB" index="41">0x00100000</value>
			<value id="122" name="UPMIX_WEIGHT_AMB" index="42">0x00100000</value>
			<value id="123" name="UPMIX_WEIGHT_AMB" index="43">0x00100000</value>
			<value id="124" name="UPMIX_WEIGHT_AMB" index="44">0x00100000</value>
			<value id="125" name="UPMIX_WEIGHT_AMB" index="45">0x00100000</value>
			<value id="126" name="UPMIX_WEIGHT_AMB" index="46">0x00100000</value>
			<value id="127" name="UPMIX_WEIGHT_AMB" index="47">0x00100000</value>
			<value id="128" name="UPMIX_WEIGHT_AMB" index="48">0x00100000</value>
			<value id="129" name="UPMIX_WEIGHT_AMB" index="49">0x00100000</value>
			<value id="130" name="UPMIX_WEIGHT_AMB" index="50">0x00100000</value>
			<value id="131" name="UPMIX_WEIGHT_AMB" index="51">0x00100000</value>
			<value id="132" name="UPMIX_WEIGHT_AMB" index="52">0x00100000</value>
			<value id="133" name="UPMIX_WEIGHT_AMB" index="53">0x00100000</value>
			<value id="134" name="UPMIX_WEIGHT_AMB" index="54">0x00100000</value>
			<value id="135" name="UPMIX_WEIGHT_AMB" index="55">0x00100000</value>
			<value id="136" name="UPMIX_WEIGHT_AMB" index="56">0x00100000</value>
			<value id="137" name="UPMIX_WEIGHT_AMB" index="57">0x00100000</value>
			<value id="138" name="UPMIX_WEIGHT_AMB" index="58">0x00100000</value>
			<value id="139" name="UPMIX_WEIGHT_AMB" index="59">0x00100000</value>
			<value id="140" name="UPMIX_WEIGHT_AMB" index="60">0x00100000</value>
			<value id="141" name="UPMIX_WEIGHT_AMB" index="61">0x00100000</value>
			<value id="142" name="UPMIX_WEIGHT_AMB" index="62">0x00100000</value>
			<value id="143" name="UPMIX_WEIGHT_AMB" index="63">0x00100000</value>
			<value id="144" name="UPMIX_WEIGHT_AMB" index="64">0x00100000</value>
			<value id="145" name="UPMIX_WEIGHT_AMB" index="65">0x00100000</value>
			<value id="146" name="UPMIX_WEIGHT_AMB" index="66">0x00100000</value>
			<value id="147" name="UPMIX_WEIGHT_AMB" index="67">0x00100000</value>
			<value id="148" name="UPMIX_WEIGHT_AMB" index="68">0x00100000</value>
			<value id="149" name="UPMIX_WEIGHT_AMB" index="69">0x00100000</value>
			<value id="150" name="UPMIX_WEIGHT_AMB" index="70">0x00100000</value>
			<value id="151" name="UPMIX_WEIGHT_AMB" index="71">0x00100000</value>
			<value id="152" name="UPMIX_WEIGHT_AMB" index="72">0x00100000</value>
			<value id="153" name="UPMIX_WEIGHT_AMB" index="73">0x00100000</value>
			<value id="154" name="UPMIX_WEIGHT_AMB" index="74">0x00100000</value>
			<value id="155" name="UPMIX_WEIGHT_AMB" index="75">0x00100000</value>
			<value id="156" name="UPMIX_WEIGHT_AMB" index="76">0x00100000</value>
			<value id="157" name="UPMIX_WEIGHT_AMB" index="77">0x00100000</value>
			<value id="158" name="UPMIX_WEIGHT_AMB" index="78">0x00100000</value>
			<value id="159" name="UPMIX_WEIGHT_AMB" index="79">0x00100000</value>
			<value id="160" name="PANNING_FACTOR_PRI">0x00100000</value>
			<value id="161" name="PANNING_FACTOR_AMB">0x00100000</value>
		</VAR>
	</LGSE_FUNCTION>
</LGSE_API>
